ID	Description	GeneRatio	BgRatio	pvalue	p.adjust	qvalue	geneID	Count	experiment_order	experiment	GeneRatio_dec	BgRatio_dec	freqratio	All_GOI	cluster_1	cluster_2	cluster_3	cluster_4	cluster_5	cluster_6	cluster_7	cluster_8	cluster_9	cluster_10	cluster_11	sig_hours
dme00670	One carbon pool by folate	5/68	12/3237	2.4935554784294e-06	0.000154600439662623	0.000110241400098984	CG11089/CG6415/CG7560/CG8665/Shmt	5	1	All Clusters ( 275 genes)	0.0735294117647059	0.00370713623725672	19.8345588235294	0.000154600439662623	0	0	0	0	0	0	0	0	0	0	0	3
dme00500	Starch and sucrose metabolism	6/68	32/3237	4.05400634154387e-05	0.0012567419658786	0.000896148770236013	CG5171/CG9485/GlyP/Hex-C/Mal-B2/Tps1	6	1	All Clusters ( 275 genes)	0.0882352941176471	0.00988569663268458	8.92555147058824	0.0012567419658786	0	0	0	0	0	0	0	0	0	0	0	4
dme04624	Toll and Imd signaling pathway	8/68	81/3237	0.00023730454562868	0.00369370035464471	0.00263387801180098	Dif/DptB/GNBP3/IM2/nec/PGRP-SD/psh/SPE	8	1	All Clusters ( 275 genes)	0.117647058823529	0.0250231696014829	4.70152505446623	0.00369370035464471	0	0	0	0	0	0	0	0	0	0	0	4
dme00260	Glycine, serine and threonine metabolism	5/68	28/3237	0.000238303248686755	0.00369370035464471	0.00263387801180098	CG11236/CG3999/CG6415/Shmt/Spat	5	1	All Clusters ( 275 genes)	0.0735294117647059	0.00864998455359901	8.50052521008403	0.00369370035464471	0	0	0	0	0	0	0	0	0	0	0	4
dme00630	Glyoxylate and dicarboxylate metabolism	5/68	33/3237	0.000530487049966501	0.00657803941958462	0.00469062233654591	CG18003/CG3999/CG6415/Shmt/Spat	5	1	All Clusters ( 275 genes)	0.0735294117647059	0.010194624652456	7.21256684491979	0.00657803941958462	0	0	0	0	0	0	0	0	0	0	0	4
dme01200	Carbon metabolism	8/68	123/3237	0.00376803406157625	0.0359361257679481	0.0256250811927644	CG18003/CG3999/CG6415/CG7560/fbp/Hex-C/Shmt/Spat	8	1	All Clusters ( 275 genes)	0.117647058823529	0.0379981464318814	3.0961262553802	0.0359361257679481	0	0	0	0	0	0	0	0	0	0	0	4
dme00053	Ascorbate and aldarate metabolism	4/68	33/3237	0.00460694152157889	0.0359361257679481	0.0256250811927644	Aldh/Ugt49C1/Ugt49B1/CG6910	4	1	All Clusters ( 275 genes)	0.0588235294117647	0.010194624652456	5.77005347593583	0.0359361257679481	0	0	0	0	0	0	0	0	0	0	0	3
dme00330	Arginine and proline metabolism	5/68	53/3237	0.00463691945392879	0.0359361257679481	0.0256250811927644	Aldh/arg/CG11236/Odc1/Odc2	5	1	All Clusters ( 275 genes)	0.0735294117647059	0.0163731850478838	4.49084350721421	0.0359361257679481	0	0	0	0	0	0	0	0	0	0	0	4
dme00310	Lysine degradation	4/68	35/3237	0.00571215740020933	0.0393504176458865	0.0280597205624318	Aldh/CG4335/CG5321/LKRSDH	4	1	All Clusters ( 275 genes)	0.0588235294117647	0.0108124806919988	5.44033613445378	0.0393504176458865	0	0	0	0	0	0	0	0	0	0	0	4
dme00980	Metabolism of xenobiotics by cytochrome P450	5/68	69/3237	0.01402860475073	0.0854757972305515	0.0609504835939417	Adh/Ugt49C1/CG33178/CG3597/Ugt49B1	5	1	All Clusters ( 275 genes)	0.0735294117647059	0.0213160333642261	3.44948849104859	0.0854757972305515	0	0	0	0	0	0	0	0	0	0	0	5
dme00983	Drug metabolism - other enzymes	6/68	97/3237	0.0151650607989688	0.0854757972305515	0.0609504835939417	alpha-Est2/Ugt49C1/CG33178/Ugt49B1/CG6330/CRMP	6	1	All Clusters ( 275 genes)	0.0882352941176471	0.0299660179178251	2.9445118253487	0.0854757972305515	0	0	0	0	0	0	0	0	0	0	0	4
dme00230	Purine metabolism	6/68	100/3237	0.0174183082447371	0.0899945925978084	0.0641727145858736	Ac76E/Adgf-D/CG11089/CG16758/CG31183/Prat2	6	1	All Clusters ( 275 genes)	0.0882352941176471	0.0308928019771393	2.85617647058824	0.0899945925978084	0	0	0	0	0	0	0	0	0	0	0	4
dme00040	Pentose and glucuronate interconversions	4/68	50/3237	0.0198603964650908	0.0906597550906401	0.0646470240035124	Ugt49C1/CG3597/Ugt49B1/Sodh-1	4	1	All Clusters ( 275 genes)	0.0588235294117647	0.0154464009885697	3.80823529411765	0.0906597550906401	0	0	0	0	0	0	0	0	0	0	0	3
dme00472	D-Arginine and D-ornithine metabolism	1/68	1/3237	0.0210071053444543	0.0906597550906401	0.0646470240035124	CG11236	1	1	All Clusters ( 275 genes)	0.0147058823529412	0.000308928019771393	47.6029411764706	0.0906597550906401	0	0	0	0	0	0	0	0	0	0	0	2
dme00051	Fructose and mannose metabolism	3/68	29/3237	0.0219338117154774	0.0906597550906401	0.0646470240035124	fbp/Hex-C/Sodh-1	3	1	All Clusters ( 275 genes)	0.0441176470588235	0.0089589125733704	4.92444219066937	0.0906597550906401	0	0	0	0	0	0	0	0	0	0	0	3
dme00250	Alanine, aspartate and glutamate metabolism	3/68	30/3237	0.0240114791984683	0.0930444818940648	0.0663475083115572	CG12338/Prat2/Spat	3	1	All Clusters ( 275 genes)	0.0441176470588235	0.0092678405931418	4.76029411764706	0.0930444818940648	0	0	0	0	0	0	0	0	0	0	0	3
dme00010	Glycolysis / Gluconeogenesis	4/68	55/3237	0.0272066487613308	0.0992242484236771	0.0707541330016033	Adh/Aldh/fbp/Hex-C	4	1	All Clusters ( 275 genes)	0.0588235294117647	0.0169910410874266	3.4620320855615	0.0992242484236771	0	0	0	0	0	0	0	0	0	0	0	3
dme00071	Fatty acid degradation	3/68	33/3237	0.0308634892977079	0.106307574247661	0.0758050614329668	Acsl/Adh/Aldh	3	1	All Clusters ( 275 genes)	0.0441176470588235	0.010194624652456	4.32754010695187	0.106307574247661	0	0	0	0	0	0	0	0	0	0	0	3
dme00830	Retinol metabolism	3/68	34/3237	0.0333528967964777	0.108835768493769	0.0776078485014993	Adh/Ugt49C1/Ugt49B1	3	1	All Clusters ( 275 genes)	0.0441176470588235	0.0105035526722274	4.20025951557094	0.108835768493769	0	0	0	0	0	0	0	0	0	0	0	3
dme04146	Peroxisome	5/68	91/3237	0.0408092628761199	0.126508714915972	0.0902099495156335	Acsl/CG11236/CG12338/CG18003/Spat	5	1	All Clusters ( 275 genes)	0.0735294117647059	0.0281124497991968	2.61554621848739	0.126508714915972	0	0	0	0	0	0	0	0	0	0	0	4
dme00240	Pyrimidine metabolism	3/68	40/3237	0.0504029035001299	0.148808572238479	0.106111375789747	CG16758/CG6330/CRMP	3	1	All Clusters ( 275 genes)	0.0441176470588235	0.0123571207908557	3.57022058823529	0.148808572238479	0	0	0	0	0	0	0	0	0	0	0	3
dme00982	Drug metabolism - cytochrome P450	4/68	68/3237	0.05310910988332	0.149671127852993	0.106726440913849	Adh/Ugt49C1/CG33178/Ugt49B1	4	1	All Clusters ( 275 genes)	0.0588235294117647	0.0210071053444547	2.80017301038062	0.149671127852993	0	0	0	0	0	0	0	0	0	0	0	4
dme00380	Tryptophan metabolism	2/68	21/3237	0.0706668615783407	0.190493279037266	0.135835614933195	Aldh/v	2	1	All Clusters ( 275 genes)	0.0294117647058824	0.00648748841519926	4.53361344537815	0.190493279037266	0	0	0	0	0	0	0	0	0	0	0	3
dme00350	Tyrosine metabolism	2/68	22/3237	0.0767074254559996	0.198160849094666	0.141303152155789	Adh/yellow-f2	2	1	All Clusters ( 275 genes)	0.0294117647058824	0.00679641643497065	4.32754010695187	0.198160849094666	0	0	0	0	0	0	0	0	0	0	0	3
dme00400	Phenylalanine, tyrosine and tryptophan biosynthesis	1/68	4/3237	0.0814540786695266	0.202006115100426	0.1440451075419	Hn	1	1	All Clusters ( 275 genes)	0.0147058823529412	0.00123571207908557	11.9007352941176	0.202006115100426	0	0	0	0	0	0	0	0	0	0	0	2
dme00410	beta-Alanine metabolism	2/68	24/3237	0.0892526964921291	0.212833353173539	0.151765718731556	Aldh/CRMP	2	1	All Clusters ( 275 genes)	0.0294117647058824	0.00741427247451344	3.96691176470588	0.212833353173539	0	0	0	0	0	0	0	0	0	0	0	2
dme04142	Lysosome	5/68	119/3237	0.102846381238872	0.236165764326299	0.168403431268329	CG11459/CG3376/DNaseII/Npc2g/Npc2h	5	1	All Clusters ( 275 genes)	0.0735294117647059	0.0367624343527958	2.0001235788433	0.236165764326299	0	0	0	0	0	0	0	0	0	0	0	4
dme00340	Histidine metabolism	1/68	8/3237	0.156363069809589	0.334293459592914	0.238375641814981	Aldh	1	1	All Clusters ( 275 genes)	0.0147058823529412	0.00247142415817115	5.95036764705882	0.334293459592914	0	0	0	0	0	0	0	0	0	0	0	2
dme00360	Phenylalanine metabolism	1/68	8/3237	0.156363069809589	0.334293459592914	0.238375641814981	Hn	1	1	All Clusters ( 275 genes)	0.0147058823529412	0.00247142415817115	5.95036764705882	0.334293459592914	0	0	0	0	0	0	0	0	0	0	0	2
dme00052	Galactose metabolism	2/68	36/3237	0.17410080467797	0.351160278487713	0.250402915050661	Hex-C/Mal-B2	2	1	All Clusters ( 275 genes)	0.0294117647058824	0.0111214087117702	2.64460784313725	0.351160278487713	0	0	0	0	0	0	0	0	0	0	0	3
dme01230	Biosynthesis of amino acids	3/68	69/3237	0.175580139243856	0.351160278487713	0.250402915050661	arg/Hn/Shmt	3	1	All Clusters ( 275 genes)	0.0441176470588235	0.0213160333642261	2.06969309462916	0.351160278487713	0	0	0	0	0	0	0	0	0	0	0	3
dme00770	Pantothenate and CoA biosynthesis	1/68	10/3237	0.191526870718089	0.371083312016297	0.264609492439465	CRMP	1	1	All Clusters ( 275 genes)	0.0147058823529412	0.00308928019771393	4.76029411764706	0.371083312016297	0	0	0	0	0	0	0	0	0	0	0	2
dme00790	Folate biosynthesis	2/68	40/3237	0.204703753105259	0.384594930076547	0.274244262533361	CG12116/Hn	2	1	All Clusters ( 275 genes)	0.0294117647058824	0.0123571207908557	2.38014705882353	0.384594930076547	0	0	0	0	0	0	0	0	0	0	0	2
dme00480	Glutathione metabolism	3/68	79/3237	0.229977066408858	0.419369944627918	0.299041386661673	CG33178/Odc1/Odc2	3	1	All Clusters ( 275 genes)	0.0441176470588235	0.0244053135619401	1.80770662695458	0.419369944627918	0	0	0	0	0	0	0	0	0	0	0	3
dme00061	Fatty acid biosynthesis	1/68	13/3237	0.241581573340973	0.427944501346867	0.305155671588598	Acsl	1	1	All Clusters ( 275 genes)	0.0147058823529412	0.00401606425702811	3.66176470588235	0.427944501346867	0	0	0	0	0	0	0	0	0	0	0	2
dme00860	Porphyrin and chlorophyll metabolism	2/68	46/3237	0.251557267817763	0.433237516797259	0.308929978021815	Ugt49C1/Ugt49B1	2	1	All Clusters ( 275 genes)	0.0294117647058824	0.0142106889094841	2.06969309462916	0.433237516797259	0	0	0	0	0	0	0	0	0	0	0	2
dme00562	Inositol phosphate metabolism	2/68	47/3237	0.259419653592445	0.43470320331707	0.309975119513021	CG6805/CG6910	2	1	All Clusters ( 275 genes)	0.0294117647058824	0.0145196169292555	2.02565707133917	0.43470320331707	0	0	0	0	0	0	0	0	0	0	0	3
dme00220	Arginine biosynthesis	1/68	18/3237	0.318305748772093	0.519340958522889	0.370328017961992	arg	1	1	All Clusters ( 275 genes)	0.0147058823529412	0.00556070435588508	2.64460784313725	0.519340958522889	0	0	0	0	0	0	0	0	0	0	0	2
dme00760	Nicotinate and nicotinamide metabolism	1/68	20/3237	0.346806924557029	0.551334085193226	0.393141452939142	CG16758	1	1	All Clusters ( 275 genes)	0.0147058823529412	0.00617856039542787	2.38014705882353	0.551334085193226	0	0	0	0	0	0	0	0	0	0	0	2
dme00030	Pentose phosphate pathway	1/68	24/3237	0.400332562403566	0.620515471725527	0.442472832130257	fbp	1	1	All Clusters ( 275 genes)	0.0147058823529412	0.00741427247451344	1.98345588235294	0.620515471725527	0	0	0	0	0	0	0	0	0	0	0	2
dme00981	Insect hormone biosynthesis	1/68	27/3237	0.437617928131185	0.648161434989983	0.462186422233943	Aldh	1	1	All Clusters ( 275 genes)	0.0147058823529412	0.00834105653382762	1.76307189542484	0.648161434989983	0	0	0	0	0	0	0	0	0	0	0	2
dme00600	Sphingolipid metabolism	1/68	28/3237	0.449531317815633	0.648161434989983	0.462186422233943	CG3376	1	1	All Clusters ( 275 genes)	0.0147058823529412	0.00864998455359901	1.70010504201681	0.648161434989983	0	0	0	0	0	0	0	0	0	0	0	2
dme04320	Dorso-ventral axis formation	1/68	28/3237	0.449531317815633	0.648161434989983	0.462186422233943	sqd	1	1	All Clusters ( 275 genes)	0.0147058823529412	0.00864998455359901	1.70010504201681	0.648161434989983	0	0	0	0	0	0	0	0	0	0	0	2
dme04745	Phototransduction - fly	1/68	32/3237	0.494748163861232	0.696422599286021	0.496600155687825	ninaC	1	1	All Clusters ( 275 genes)	0.0147058823529412	0.00988569663268458	1.48759191176471	0.696422599286021	0	0	0	0	0	0	0	0	0	0	0	2
dme00280	Valine, leucine and isoleucine degradation	1/68	33/3237	0.505468015610822	0.696422599286021	0.496600155687825	Aldh	1	1	All Clusters ( 275 genes)	0.0147058823529412	0.010194624652456	1.44251336898396	0.696422599286021	0	0	0	0	0	0	0	0	0	0	0	2
dme04145	Phagosome	2/68	83/3237	0.525473292159493	0.708246611171491	0.505031539375257	CG11459/Vha68-2	2	1	All Clusters ( 275 genes)	0.0294117647058824	0.0256410256410256	1.14705882352941	0.708246611171491	0	0	0	0	0	0	0	0	0	0	0	3
dme00561	Glycerolipid metabolism	1/68	42/3237	0.592394247014156	0.781456240742079	0.557235349934929	Aldh	1	1	All Clusters ( 275 genes)	0.0147058823529412	0.0129749768303985	1.13340336134454	0.781456240742079	0	0	0	0	0	0	0	0	0	0	0	2
dme00620	Pyruvate metabolism	1/68	46/3237	0.626018058967161	0.80218837857479	0.57201887776131	Aldh	1	1	All Clusters ( 275 genes)	0.0147058823529412	0.0142106889094841	1.03484654731458	0.80218837857479	0	0	0	0	0	0	0	0	0	0	0	2
dme00520	Amino sugar and nucleotide sugar metabolism	1/68	47/3237	0.633987589518785	0.80218837857479	0.57201887776131	Hex-C	1	1	All Clusters ( 275 genes)	0.0147058823529412	0.0145196169292555	1.01282853566959	0.80218837857479	0	0	0	0	0	0	0	0	0	0	0	2
dme01212	Fatty acid metabolism	1/68	53/3237	0.67840849061347	0.832925002258398	0.593936334377805	Acsl	1	1	All Clusters ( 275 genes)	0.0147058823529412	0.0163731850478838	0.898168701442841	0.832925002258398	0	0	0	0	0	0	0	0	0	0	0	2
dme04213	Longevity regulating pathway - multiple species	1/68	55/3237	0.69200024122943	0.832925002258398	0.593936334377805	Ac76E	1	1	All Clusters ( 275 genes)	0.0147058823529412	0.0169910410874266	0.865508021390374	0.832925002258398	0	0	0	0	0	0	0	0	0	0	0	2
dme04080	Neuroactive ligand-receptor interaction	1/68	56/3237	0.698582259958656	0.832925002258398	0.593936334377805	AkhR	1	1	All Clusters ( 275 genes)	0.0147058823529412	0.017299969107198	0.850052521008403	0.832925002258398	0	0	0	0	0	0	0	0	0	0	0	2
dme00564	Glycerophospholipid metabolism	1/68	63/3237	0.740931711654383	0.850699372640217	0.606610758079611	eas	1	1	All Clusters ( 275 genes)	0.0147058823529412	0.0194624652455978	0.755602240896359	0.850699372640217	0	0	0	0	0	0	0	0	0	0	0	2
dme04070	Phosphatidylinositol signaling system	1/68	63/3237	0.740931711654383	0.850699372640217	0.606610758079611	CG6805	1	1	All Clusters ( 275 genes)	0.0147058823529412	0.0194624652455978	0.755602240896359	0.850699372640217	0	0	0	0	0	0	0	0	0	0	0	2
dme03015	mRNA surveillance pathway	1/68	74/3237	0.795925402872989	0.897224999602279	0.639786926711302	Hrb27C	1	1	All Clusters ( 275 genes)	0.0147058823529412	0.0228606734630831	0.643282988871224	0.897224999602279	0	0	0	0	0	0	0	0	0	0	0	2
dme04013	MAPK signaling pathway - fly	1/68	93/3237	0.865122714968343	0.944239656831994	0.67331180962553	tsl	1	1	All Clusters ( 275 genes)	0.0147058823529412	0.0287303058387396	0.511859582542694	0.944239656831994	0	0	0	0	0	0	0	0	0	0	0	2
dme04150	mTOR signaling pathway	1/68	97/3237	0.87642356720341	0.944239656831994	0.67331180962553	Vha68-2	1	1	All Clusters ( 275 genes)	0.0147058823529412	0.0299660179178251	0.490751970891449	0.944239656831994	0	0	0	0	0	0	0	0	0	0	0	2
dme04140	Autophagy - animal	1/68	100/3237	0.884281937157315	0.944239656831994	0.67331180962553	CG11459	1	1	All Clusters ( 275 genes)	0.0147058823529412	0.0308928019771393	0.476029411764706	0.944239656831994	0	0	0	0	0	0	0	0	0	0	0	2
dme04120	Ubiquitin mediated proteolysis	1/68	106/3237	0.898550641178833	0.944239656831994	0.67331180962553	Rchy1	1	1	All Clusters ( 275 genes)	0.0147058823529412	0.0327463700957677	0.449084350721421	0.944239656831994	0	0	0	0	0	0	0	0	0	0	0	2
dme04141	Protein processing in endoplasmic reticulum	1/68	133/3237	0.944064396734477	0.971852640961483	0.693001883198341	Pdi	1	1	All Clusters ( 275 genes)	0.0147058823529412	0.0410874266295953	0.357916850950907	0.971852640961483	0	0	0	0	0	0	0	0	0	0	0	2
dme00190	Oxidative phosphorylation	1/68	144/3237	0.95617759836533	0.971852640961483	0.693001883198341	Vha68-2	1	1	All Clusters ( 275 genes)	0.0147058823529412	0.0444856348470806	0.330575980392157	0.971852640961483	0	0	0	0	0	0	0	0	0	0	0	2
dme03010	Ribosome	1/68	240/3237	0.994986276313275	0.994986276313275	0.709497854077378	RpL6	1	1	All Clusters ( 275 genes)	0.0147058823529412	0.0741427247451344	0.198345588235294	0.994986276313275	0	0	0	0	0	0	0	0	0	0	0	2
dme00670	One carbon pool by folate	4/25	12/3237	1.31533905744014e-06	3.28834764360035e-05	1.9383944004381e-05	CG11089/CG6415/CG7560/CG8665	4	3	Cluster 2 (85 genes)	0.16	0.00370713623725672	43.16	0	0	3.28834764360035e-05	0	0	0	0	0	0	0	0	0	3
dme00260	Glycine, serine and threonine metabolism	3/25	28/3237	0.00117416168752921	0.0146770210941151	0.00865171769758366	CG11236/CG3999/CG6415	3	3	Cluster 2 (85 genes)	0.12	0.00864998455359901	13.8728571428571	0	0	0.0146770210941151	0	0	0	0	0	0	0	0	0	4
dme00630	Glyoxylate and dicarboxylate metabolism	3/25	33/3237	0.00190626081734172	0.015885506811181	0.00936408822553829	CG18003/CG3999/CG6415	3	3	Cluster 2 (85 genes)	0.12	0.010194624652456	11.7709090909091	0	0	0.015885506811181	0	0	0	0	0	0	0	0	0	4
dme00230	Purine metabolism	4/25	100/3237	0.00658365068313046	0.0386160024714244	0.0227631172463133	Ac76E/CG11089/CG16758/Prat2	4	3	Cluster 2 (85 genes)	0.16	0.0308928019771393	5.1792	0	0	0.0386160024714244	0	0	0	0	0	0	0	0	0	4
dme00472	D-Arginine and D-ornithine metabolism	1/25	1/3237	0.00772320049428488	0.0386160024714244	0.0227631172463133	CG11236	1	3	Cluster 2 (85 genes)	0.04	0.000308928019771393	129.48	0	0	0.0386160024714244	0	0	0	0	0	0	0	0	0	2
dme01200	Carbon metabolism	4/25	123/3237	0.0135185521361419	0.0563273005672578	0.0332034613870151	CG18003/CG3999/CG6415/CG7560	4	3	Cluster 2 (85 genes)	0.16	0.0379981464318814	4.21073170731707	0	0	0.0563273005672578	0	0	0	0	0	0	0	0	0	4
dme00250	Alanine, aspartate and glutamate metabolism	2/25	30/3237	0.0218276470515299	0.0684880513979108	0.0403719039819264	CG12338/Prat2	2	3	Cluster 2 (85 genes)	0.08	0.0092678405931418	8.632	0	0	0.0684880513979108	0	0	0	0	0	0	0	0	0	3
dme04624	Toll and Imd signaling pathway	3/25	81/3237	0.0233552759513666	0.0684880513979108	0.0403719039819264	DptB/PGRP-SD/SPE	3	3	Cluster 2 (85 genes)	0.12	0.0250231696014829	4.79555555555556	0	0	0.0684880513979108	0	0	0	0	0	0	0	0	0	4
dme00500	Starch and sucrose metabolism	2/25	32/3237	0.0246556985032479	0.0684880513979108	0.0403719039819264	CG9485/GlyP	2	3	Cluster 2 (85 genes)	0.08	0.00988569663268458	8.0925	0	0	0.0684880513979108	0	0	0	0	0	0	0	0	0	4
dme00310	Lysine degradation	2/25	35/3237	0.0291632356321037	0.0718484949426575	0.0423527970188297	CG5321/LKRSDH	2	3	Cluster 2 (85 genes)	0.08	0.0108124806919988	7.39885714285714	0	0	0.0718484949426575	0	0	0	0	0	0	0	0	0	4
dme04146	Peroxisome	3/25	91/3237	0.0316133377747693	0.0718484949426575	0.0423527970188297	CG11236/CG12338/CG18003	3	3	Cluster 2 (85 genes)	0.12	0.0281124497991968	4.26857142857143	0	0	0.0718484949426575	0	0	0	0	0	0	0	0	0	4
dme00040	Pentose and glucuronate interconversions	2/25	50/3237	0.0559735984800986	0.116611663500205	0.0687395069053842	CG3597/Sodh-1	2	3	Cluster 2 (85 genes)	0.08	0.0154464009885697	5.1792	0	0	0.116611663500205	0	0	0	0	0	0	0	0	0	3
dme00760	Nicotinate and nicotinamide metabolism	1/25	20/3237	0.144031993653745	0.276984603180279	0.16327513450627	CG16758	1	3	Cluster 2 (85 genes)	0.04	0.00617856039542787	6.474	0	0	0.276984603180279	0	0	0	0	0	0	0	0	0	2
dme00350	Tyrosine metabolism	1/25	22/3237	0.157286176057768	0.280868171531728	0.165564395850282	yellow-f2	1	3	Cluster 2 (85 genes)	0.04	0.00679641643497065	5.88545454545455	0	0	0.280868171531728	0	0	0	0	0	0	0	0	0	3
dme00051	Fructose and mannose metabolism	1/25	29/3237	0.202141645497408	0.324609816049873	0.19134894419782	Sodh-1	1	3	Cluster 2 (85 genes)	0.04	0.0089589125733704	4.4648275862069	0	0	0.324609816049873	0	0	0	0	0	0	0	0	0	3
dme04745	Phototransduction - fly	1/25	32/3237	0.220655558135853	0.324609816049873	0.19134894419782	ninaC	1	3	Cluster 2 (85 genes)	0.04	0.00988569663268458	4.04625	0	0	0.324609816049873	0	0	0	0	0	0	0	0	0	2
dme00053	Ascorbate and aldarate metabolism	1/25	33/3237	0.226734687947586	0.324609816049873	0.19134894419782	CG6910	1	3	Cluster 2 (85 genes)	0.04	0.010194624652456	3.92363636363636	0	0	0.324609816049873	0	0	0	0	0	0	0	0	0	3
dme04142	Lysosome	2/25	119/3237	0.233719067555909	0.324609816049873	0.19134894419782	CG11459/DNaseII	2	3	Cluster 2 (85 genes)	0.08	0.0367624343527958	2.17613445378151	0	0	0.324609816049873	0	0	0	0	0	0	0	0	0	4
dme00240	Pyrimidine metabolism	1/25	40/3237	0.268031728002703	0.352673326319346	0.207891644988246	CG16758	1	3	Cluster 2 (85 genes)	0.04	0.0123571207908557	3.237	0	0	0.352673326319346	0	0	0	0	0	0	0	0	0	3
dme00562	Inositol phosphate metabolism	1/25	47/3237	0.307206923682769	0.384008654603461	0.22636299639783	CG6910	1	3	Cluster 2 (85 genes)	0.04	0.0145196169292555	2.75489361702128	0	0	0.384008654603461	0	0	0	0	0	0	0	0	0	3
dme00330	Arginine and proline metabolism	1/25	53/3237	0.339176350226811	0.397175549415614	0.234124534392362	CG11236	1	3	Cluster 2 (85 genes)	0.04	0.0163731850478838	2.44301886792453	0	0	0.397175549415614	0	0	0	0	0	0	0	0	0	4
dme04213	Longevity regulating pathway - multiple species	1/25	55/3237	0.34951448348574	0.397175549415614	0.234124534392362	Ac76E	1	3	Cluster 2 (85 genes)	0.04	0.0169910410874266	2.35418181818182	0	0	0.397175549415614	0	0	0	0	0	0	0	0	0	2
dme00980	Metabolism of xenobiotics by cytochrome P450	1/25	69/3237	0.41765454626818	0.453972332900196	0.267604743604326	CG3597	1	3	Cluster 2 (85 genes)	0.04	0.0213160333642261	1.87652173913043	0	0	0.453972332900196	0	0	0	0	0	0	0	0	0	5
dme04145	Phagosome	1/25	83/3237	0.478913177812047	0.498867893554215	0.294069495147748	CG11459	1	3	Cluster 2 (85 genes)	0.04	0.0256410256410256	1.56	0	0	0.498867893554215	0	0	0	0	0	0	0	0	0	3
dme04140	Autophagy - animal	1/25	100/3237	0.545005860474439	0.545005860474439	0.321266612490196	CG11459	1	3	Cluster 2 (85 genes)	0.04	0.0308928019771393	1.2948	0	0	0.545005860474439	0	0	0	0	0	0	0	0	0	2
dme00053	Ascorbate and aldarate metabolism	3/18	33/3237	0.000710036907639327	0.0319516608437697	0.0239170326783773	Aldh/Ugt49C1/Ugt49B1	3	4	Cluster 3 (62 genes)	0.166666666666667	0.010194624652456	16.3484848484848	0	0	0	0.0319516608437697	0	0	0	0	0	0	0	0	3
dme00983	Drug metabolism - other enzymes	4/18	97/3237	0.00167877786737462	0.0377725020159289	0.0282741535557831	Ugt49C1/Ugt49B1/CG6330/CRMP	4	4	Cluster 3 (62 genes)	0.222222222222222	0.0299660179178251	7.41580756013746	0	0	0	0.0377725020159289	0	0	0	0	0	0	0	0	4
dme00010	Glycolysis / Gluconeogenesis	3/18	55/3237	0.0031621533870226	0.0474323008053391	0.0355048801349907	Aldh/fbp/Hex-C	3	4	Cluster 3 (62 genes)	0.166666666666667	0.0169910410874266	9.80909090909091	0	0	0	0.0474323008053391	0	0	0	0	0	0	0	0	3
dme00410	beta-Alanine metabolism	2/18	24/3237	0.00749868877496236	0.0829641500569866	0.0621018199256976	Aldh/CRMP	2	4	Cluster 3 (62 genes)	0.111111111111111	0.00741427247451344	14.9861111111111	0	0	0	0.0829641500569866	0	0	0	0	0	0	0	0	2
dme00051	Fructose and mannose metabolism	2/18	29/3237	0.0108508344334716	0.0829641500569866	0.0621018199256976	fbp/Hex-C	2	4	Cluster 3 (62 genes)	0.111111111111111	0.0089589125733704	12.4022988505747	0	0	0	0.0829641500569866	0	0	0	0	0	0	0	0	3
dme00500	Starch and sucrose metabolism	2/18	32/3237	0.0131261905418159	0.0829641500569866	0.0621018199256976	CG5171/Hex-C	2	4	Cluster 3 (62 genes)	0.111111111111111	0.00988569663268458	11.2395833333333	0	0	0	0.0829641500569866	0	0	0	0	0	0	0	0	4
dme00071	Fatty acid degradation	2/18	33/3237	0.0139272327117628	0.0829641500569866	0.0621018199256976	Acsl/Aldh	2	4	Cluster 3 (62 genes)	0.111111111111111	0.010194624652456	10.8989898989899	0	0	0	0.0829641500569866	0	0	0	0	0	0	0	0	3
dme00830	Retinol metabolism	2/18	34/3237	0.0147491822323532	0.0829641500569866	0.0621018199256976	Ugt49C1/Ugt49B1	2	4	Cluster 3 (62 genes)	0.111111111111111	0.0105035526722274	10.578431372549	0	0	0	0.0829641500569866	0	0	0	0	0	0	0	0	3
dme00240	Pyrimidine metabolism	2/18	40/3237	0.020107163737186	0.10053581868593	0.0752548818233863	CG6330/CRMP	2	4	Cluster 3 (62 genes)	0.111111111111111	0.0123571207908557	8.99166666666667	0	0	0	0.10053581868593	0	0	0	0	0	0	0	0	3
dme00860	Porphyrin and chlorophyll metabolism	2/18	46/3237	0.0261612389323882	0.114603831823513	0.0857853244059043	Ugt49C1/Ugt49B1	2	4	Cluster 3 (62 genes)	0.111111111111111	0.0142106889094841	7.81884057971014	0	0	0	0.114603831823513	0	0	0	0	0	0	0	0	2
dme01200	Carbon metabolism	3/18	123/3237	0.0287808909400117	0.114603831823513	0.0857853244059043	fbp/Hex-C/Shmt	3	4	Cluster 3 (62 genes)	0.166666666666667	0.0379981464318814	4.38617886178862	0	0	0	0.114603831823513	0	0	0	0	0	0	0	0	4
dme00040	Pentose and glucuronate interconversions	2/18	50/3237	0.0305610218196034	0.114603831823513	0.0857853244059043	Ugt49C1/Ugt49B1	2	4	Cluster 3 (62 genes)	0.111111111111111	0.0154464009885697	7.19333333333333	0	0	0	0.114603831823513	0	0	0	0	0	0	0	0	3
dme00340	Histidine metabolism	1/18	8/3237	0.0436757263277673	0.151185206519194	0.113167873885713	Aldh	1	4	Cluster 3 (62 genes)	0.0555555555555556	0.00247142415817115	22.4791666666667	0	0	0	0.151185206519194	0	0	0	0	0	0	0	0	2
dme00982	Drug metabolism - cytochrome P450	2/18	68/3237	0.0535869151734392	0.154707162078165	0.115804191497106	Ugt49C1/Ugt49B1	2	4	Cluster 3 (62 genes)	0.111111111111111	0.0210071053444547	5.28921568627451	0	0	0	0.154707162078165	0	0	0	0	0	0	0	0	4
dme00770	Pantothenate and CoA biosynthesis	1/18	10/3237	0.0543096744780261	0.154707162078165	0.115804191497106	CRMP	1	4	Cluster 3 (62 genes)	0.0555555555555556	0.00308928019771393	17.9833333333333	0	0	0	0.154707162078165	0	0	0	0	0	0	0	0	2
dme00980	Metabolism of xenobiotics by cytochrome P450	2/18	69/3237	0.0550069909611253	0.154707162078165	0.115804191497106	Ugt49C1/Ugt49B1	2	4	Cluster 3 (62 genes)	0.111111111111111	0.0213160333642261	5.21256038647343	0	0	0	0.154707162078165	0	0	0	0	0	0	0	0	5
dme00670	One carbon pool by folate	1/18	12/3237	0.0648318774271057	0.171613793189397	0.128459447533584	Shmt	1	4	Cluster 3 (62 genes)	0.0555555555555556	0.00370713623725672	14.9861111111111	0	0	0	0.171613793189397	0	0	0	0	0	0	0	0	3
dme00061	Fatty acid biosynthesis	1/18	13/3237	0.0700514204368148	0.175128551092037	0.131090377425618	Acsl	1	4	Cluster 3 (62 genes)	0.0555555555555556	0.00401606425702811	13.8333333333333	0	0	0	0.175128551092037	0	0	0	0	0	0	0	0	2
dme00380	Tryptophan metabolism	1/18	21/3237	0.110828355083758	0.2624882094089	0.196482402364557	Aldh	1	4	Cluster 3 (62 genes)	0.0555555555555556	0.00648748841519926	8.56349206349206	0	0	0	0.2624882094089	0	0	0	0	0	0	0	0	3
dme00030	Pentose phosphate pathway	1/18	24/3237	0.125679660784117	0.282779236764264	0.211671007636408	fbp	1	4	Cluster 3 (62 genes)	0.0555555555555556	0.00741427247451344	7.49305555555556	0	0	0	0.282779236764264	0	0	0	0	0	0	0	0	2
dme00981	Insect hormone biosynthesis	1/18	27/3237	0.140296476775311	0.283925042990731	0.212528687150957	Aldh	1	4	Cluster 3 (62 genes)	0.0555555555555556	0.00834105653382762	6.66049382716049	0	0	0	0.283925042990731	0	0	0	0	0	0	0	0	2
dme00260	Glycine, serine and threonine metabolism	1/18	28/3237	0.145117244195263	0.283925042990731	0.212528687150957	Shmt	1	4	Cluster 3 (62 genes)	0.0555555555555556	0.00864998455359901	6.42261904761905	0	0	0	0.283925042990731	0	0	0	0	0	0	0	0	4
dme00600	Sphingolipid metabolism	1/18	28/3237	0.145117244195263	0.283925042990731	0.212528687150957	CG3376	1	4	Cluster 3 (62 genes)	0.0555555555555556	0.00864998455359901	6.42261904761905	0	0	0	0.283925042990731	0	0	0	0	0	0	0	0	2
dme00280	Valine, leucine and isoleucine degradation	1/18	33/3237	0.168840542357151	0.303912976242871	0.227490414965424	Aldh	1	4	Cluster 3 (62 genes)	0.0555555555555556	0.010194624652456	5.44949494949495	0	0	0	0.303912976242871	0	0	0	0	0	0	0	0	2
dme00630	Glyoxylate and dicarboxylate metabolism	1/18	33/3237	0.168840542357151	0.303912976242871	0.227490414965424	Shmt	1	4	Cluster 3 (62 genes)	0.0555555555555556	0.010194624652456	5.44949494949495	0	0	0	0.303912976242871	0	0	0	0	0	0	0	0	4
dme00310	Lysine degradation	1/18	35/3237	0.178154629527676	0.304624370401894	0.228022920534751	Aldh	1	4	Cluster 3 (62 genes)	0.0555555555555556	0.0108124806919988	5.13809523809524	0	0	0	0.304624370401894	0	0	0	0	0	0	0	0	4
dme00052	Galactose metabolism	1/18	36/3237	0.182774622241137	0.304624370401894	0.228022920534751	Hex-C	1	4	Cluster 3 (62 genes)	0.0555555555555556	0.0111214087117702	4.99537037037037	0	0	0	0.304624370401894	0	0	0	0	0	0	0	0	3
dme00561	Glycerolipid metabolism	1/18	42/3237	0.209983595329552	0.336776908191839	0.252090317243014	Aldh	1	4	Cluster 3 (62 genes)	0.0555555555555556	0.0129749768303985	4.28174603174603	0	0	0	0.336776908191839	0	0	0	0	0	0	0	0	2
dme00620	Pyruvate metabolism	1/18	46/3237	0.227645120532583	0.336776908191839	0.252090317243014	Aldh	1	4	Cluster 3 (62 genes)	0.0555555555555556	0.0142106889094841	3.90942028985507	0	0	0	0.336776908191839	0	0	0	0	0	0	0	0	2
dme00520	Amino sugar and nucleotide sugar metabolism	1/18	47/3237	0.232001870087711	0.336776908191839	0.252090317243014	Hex-C	1	4	Cluster 3 (62 genes)	0.0555555555555556	0.0145196169292555	3.82624113475177	0	0	0	0.336776908191839	0	0	0	0	0	0	0	0	2
dme00562	Inositol phosphate metabolism	1/18	47/3237	0.232001870087711	0.336776908191839	0.252090317243014	CG6805	1	4	Cluster 3 (62 genes)	0.0555555555555556	0.0145196169292555	3.82624113475177	0	0	0	0.336776908191839	0	0	0	0	0	0	0	0	3
dme00330	Arginine and proline metabolism	1/18	53/3237	0.257658851873899	0.351352979828045	0.263001060923917	Aldh	1	4	Cluster 3 (62 genes)	0.0555555555555556	0.0163731850478838	3.39308176100629	0	0	0	0.351352979828045	0	0	0	0	0	0	0	0	4
dme01212	Fatty acid metabolism	1/18	53/3237	0.257658851873899	0.351352979828045	0.263001060923917	Acsl	1	4	Cluster 3 (62 genes)	0.0555555555555556	0.0163731850478838	3.39308176100629	0	0	0	0.351352979828045	0	0	0	0	0	0	0	0	2
dme00564	Glycerophospholipid metabolism	1/18	63/3237	0.29863016692994	0.383953071767066	0.287403468925055	eas	1	4	Cluster 3 (62 genes)	0.0555555555555556	0.0194624652455978	2.85449735449735	0	0	0	0.383953071767066	0	0	0	0	0	0	0	0	2
dme04070	Phosphatidylinositol signaling system	1/18	63/3237	0.29863016692994	0.383953071767066	0.287403468925055	CG6805	1	4	Cluster 3 (62 genes)	0.0555555555555556	0.0194624652455978	2.85449735449735	0	0	0	0.383953071767066	0	0	0	0	0	0	0	0	2
dme01230	Biosynthesis of amino acids	1/18	69/3237	0.322177789328137	0.402722236660171	0.301452902295333	Shmt	1	4	Cluster 3 (62 genes)	0.0555555555555556	0.0213160333642261	2.60628019323671	0	0	0	0.402722236660171	0	0	0	0	0	0	0	0	3
dme04624	Toll and Imd signaling pathway	1/18	81/3237	0.36705126171125	0.443192871047543	0.331746710491728	Dif	1	4	Cluster 3 (62 genes)	0.0555555555555556	0.0250231696014829	2.2201646090535	0	0	0	0.443192871047543	0	0	0	0	0	0	0	0	4
dme04145	Phagosome	1/18	83/3237	0.374251757773481	0.443192871047543	0.331746710491728	Vha68-2	1	4	Cluster 3 (62 genes)	0.0555555555555556	0.0256410256410256	2.16666666666667	0	0	0	0.443192871047543	0	0	0	0	0	0	0	0	3
dme04146	Peroxisome	1/18	91/3237	0.402287424181281	0.464177797132247	0.347454725338758	Acsl	1	4	Cluster 3 (62 genes)	0.0555555555555556	0.0281124497991968	1.97619047619048	0	0	0	0.464177797132247	0	0	0	0	0	0	0	0	4
dme04150	mTOR signaling pathway	1/18	97/3237	0.422531072920512	0.47459455788319	0.355252066719581	Vha68-2	1	4	Cluster 3 (62 genes)	0.0555555555555556	0.0299660179178251	1.85395189003436	0	0	0	0.47459455788319	0	0	0	0	0	0	0	0	2
dme00230	Purine metabolism	1/18	100/3237	0.43240837496024	0.47459455788319	0.355252066719581	CG31183	1	4	Cluster 3 (62 genes)	0.0555555555555556	0.0308928019771393	1.79833333333333	0	0	0	0.47459455788319	0	0	0	0	0	0	0	0	4
dme04120	Ubiquitin mediated proteolysis	1/18	106/3237	0.451686275539292	0.483949580934956	0.362254657074119	Rchy1	1	4	Cluster 3 (62 genes)	0.0555555555555556	0.0327463700957677	1.69654088050314	0	0	0	0.483949580934956	0	0	0	0	0	0	0	0	2
dme04142	Lysosome	1/18	119/3237	0.491354648327435	0.514208352900804	0.384904498077795	CG3376	1	4	Cluster 3 (62 genes)	0.0555555555555556	0.0367624343527958	1.51120448179272	0	0	0	0.514208352900804	0	0	0	0	0	0	0	0	4
dme04141	Protein processing in endoplasmic reticulum	1/18	133/3237	0.531036080409341	0.543105082236826	0.406534798399496	Pdi	1	4	Cluster 3 (62 genes)	0.0555555555555556	0.0410874266295953	1.35213032581454	0	0	0	0.543105082236826	0	0	0	0	0	0	0	0	2
dme00190	Oxidative phosphorylation	1/18	144/3237	0.56014377297113	0.56014377297113	0.419288906083653	Vha68-2	1	4	Cluster 3 (62 genes)	0.0555555555555556	0.0444856348470806	1.24884259259259	0	0	0	0.56014377297113	0	0	0	0	0	0	0	0	2
dme04624	Toll and Imd signaling pathway	4/20	81/3237	0.00129936169302552	0.0285859572465615	0.0218839864088509	GNBP3/IM2/nec/psh	4	5	Cluster 4 (97 genes)	0.2	0.0250231696014829	7.99259259259259	0	0	0	0	0.0285859572465615	0	0	0	0	0	0	0	4
dme00330	Arginine and proline metabolism	3/20	53/3237	0.00388150071299072	0.0426965078428979	0.032686321793606	arg/Odc1/Odc2	3	5	Cluster 4 (97 genes)	0.15	0.0163731850478838	9.16132075471698	0	0	0	0	0.0426965078428979	0	0	0	0	0	0	0	4
dme00500	Starch and sucrose metabolism	2/20	32/3237	0.0161014192420628	0.108174435194642	0.0828129647423098	Mal-B2/Tps1	2	5	Cluster 4 (97 genes)	0.1	0.00988569663268458	10.115625	0	0	0	0	0.108174435194642	0	0	0	0	0	0	0	4
dme00400	Phenylalanine, tyrosine and tryptophan biosynthesis	1/20	4/3237	0.0244973854132524	0.108174435194642	0.0828129647423098	Hn	1	5	Cluster 4 (97 genes)	0.05	0.00123571207908557	40.4625	0	0	0	0	0.108174435194642	0	0	0	0	0	0	0	2
dme00790	Folate biosynthesis	2/20	40/3237	0.0245850989078732	0.108174435194642	0.0828129647423098	CG12116/Hn	2	5	Cluster 4 (97 genes)	0.1	0.0123571207908557	8.0925	0	0	0	0	0.108174435194642	0	0	0	0	0	0	0	2
dme00360	Phenylalanine metabolism	1/20	8/3237	0.0484239544469262	0.177554499638729	0.135926889675582	Hn	1	5	Cluster 4 (97 genes)	0.05	0.00247142415817115	20.23125	0	0	0	0	0.177554499638729	0	0	0	0	0	0	0	2
dme01230	Biosynthesis of amino acids	2/20	69/3237	0.0664842415016677	0.208950473290955	0.159962084816042	arg/Hn	2	5	Cluster 4 (97 genes)	0.1	0.0213160333642261	4.69130434782609	0	0	0	0	0.208950473290955	0	0	0	0	0	0	0	3
dme00480	Glutathione metabolism	2/20	79/3237	0.0841868161558626	0.231513744428622	0.177235402433395	Odc1/Odc2	2	5	Cluster 4 (97 genes)	0.1	0.0244053135619401	4.09746835443038	0	0	0	0	0.231513744428622	0	0	0	0	0	0	0	3
dme00220	Arginine biosynthesis	1/20	18/3237	0.105825201095483	0.25868382490007	0.198035464038331	arg	1	5	Cluster 4 (97 genes)	0.05	0.00556070435588508	8.99166666666667	0	0	0	0	0.25868382490007	0	0	0	0	0	0	0	2
dme00380	Tryptophan metabolism	1/20	21/3237	0.122393797175996	0.269266353787191	0.206136921559572	v	1	5	Cluster 4 (97 genes)	0.05	0.00648748841519926	7.70714285714286	0	0	0	0	0.269266353787191	0	0	0	0	0	0	0	3
dme00260	Glycine, serine and threonine metabolism	1/20	28/3237	0.159926998149427	0.276312103511448	0.211530796946563	Spat	1	5	Cluster 4 (97 genes)	0.05	0.00864998455359901	5.78035714285714	0	0	0	0	0.276312103511448	0	0	0	0	0	0	0	4
dme04142	Lysosome	2/20	119/3237	0.165990384389982	0.276312103511448	0.211530796946563	Npc2g/Npc2h	2	5	Cluster 4 (97 genes)	0.1	0.0367624343527958	2.72016806722689	0	0	0	0	0.276312103511448	0	0	0	0	0	0	0	4
dme00250	Alanine, aspartate and glutamate metabolism	1/20	30/3237	0.170367450059614	0.276312103511448	0.211530796946563	Spat	1	5	Cluster 4 (97 genes)	0.05	0.0092678405931418	5.395	0	0	0	0	0.276312103511448	0	0	0	0	0	0	0	3
dme00630	Glyoxylate and dicarboxylate metabolism	1/20	33/3237	0.185797291593938	0.276312103511448	0.211530796946563	Spat	1	5	Cluster 4 (97 genes)	0.05	0.010194624652456	4.90454545454546	0	0	0	0	0.276312103511448	0	0	0	0	0	0	0	4
dme00310	Lysine degradation	1/20	35/3237	0.19593197084593	0.276312103511448	0.211530796946563	CG4335	1	5	Cluster 4 (97 genes)	0.05	0.0108124806919988	4.62428571428571	0	0	0	0	0.276312103511448	0	0	0	0	0	0	0	4
dme00052	Galactose metabolism	1/20	36/3237	0.200954257099235	0.276312103511448	0.211530796946563	Mal-B2	1	5	Cluster 4 (97 genes)	0.05	0.0111214087117702	4.49583333333333	0	0	0	0	0.276312103511448	0	0	0	0	0	0	0	3
dme04080	Neuroactive ligand-receptor interaction	1/20	56/3237	0.295357551538987	0.38222741963869	0.292614292546365	AkhR	1	5	Cluster 4 (97 genes)	0.05	0.017299969107198	2.89017857142857	0	0	0	0	0.38222741963869	0	0	0	0	0	0	0	2
dme04146	Peroxisome	1/20	91/3237	0.435609100168505	0.489375343288752	0.374641411130145	Spat	1	5	Cluster 4 (97 genes)	0.05	0.0281124497991968	1.77857142857143	0	0	0	0	0.489375343288752	0	0	0	0	0	0	0	4
dme04013	MAPK signaling pathway - fly	1/20	93/3237	0.442763404840536	0.489375343288752	0.374641411130145	tsl	1	5	Cluster 4 (97 genes)	0.05	0.0287303058387396	1.74032258064516	0	0	0	0	0.489375343288752	0	0	0	0	0	0	0	2
dme00983	Drug metabolism - other enzymes	1/20	97/3237	0.456814371102409	0.489375343288752	0.374641411130145	alpha-Est2	1	5	Cluster 4 (97 genes)	0.05	0.0299660179178251	1.66855670103093	0	0	0	0	0.489375343288752	0	0	0	0	0	0	0	4
dme00230	Purine metabolism	1/20	100/3237	0.4671310095029	0.489375343288752	0.374641411130145	Adgf-D	1	5	Cluster 4 (97 genes)	0.05	0.0308928019771393	1.6185	0	0	0	0	0.489375343288752	0	0	0	0	0	0	0	4
dme01200	Carbon metabolism	1/20	123/3237	0.540265448376413	0.540265448376413	0.41360034325467	Spat	1	5	Cluster 4 (97 genes)	0.05	0.0379981464318814	1.31585365853659	0	0	0	0	0.540265448376413	0	0	0	0	0	0	0	4
dme00350	Tyrosine metabolism	1/1	22/3237	0.00679641643497053	0.0210071053444545	NA	Adh	1	6	Cluster 5 (13 genes)	1	0.00679641643497065	147.136363636364	0	0	0	0	0	0.0210071053444545	0	0	0	0	0	0	3
dme00071	Fatty acid degradation	1/1	33/3237	0.0101946246524559	0.0210071053444545	NA	Adh	1	6	Cluster 5 (13 genes)	1	0.010194624652456	98.0909090909091	0	0	0	0	0	0.0210071053444545	0	0	0	0	0	0	3
dme00830	Retinol metabolism	1/1	34/3237	0.0105035526722272	0.0210071053444545	NA	Adh	1	6	Cluster 5 (13 genes)	1	0.0105035526722274	95.2058823529412	0	0	0	0	0	0.0210071053444545	0	0	0	0	0	0	3
dme00010	Glycolysis / Gluconeogenesis	1/1	55/3237	0.0169910410874266	0.0213160333642261	NA	Adh	1	6	Cluster 5 (13 genes)	1	0.0169910410874266	58.8545454545455	0	0	0	0	0	0.0213160333642261	0	0	0	0	0	0	3
dme00982	Drug metabolism - cytochrome P450	1/1	68/3237	0.0210071053444547	0.0213160333642261	NA	Adh	1	6	Cluster 5 (13 genes)	1	0.0210071053444547	47.6029411764706	0	0	0	0	0	0.0213160333642261	0	0	0	0	0	0	4
dme00980	Metabolism of xenobiotics by cytochrome P450	1/1	69/3237	0.0213160333642261	0.0213160333642261	NA	Adh	1	6	Cluster 5 (13 genes)	1	0.0213160333642261	46.9130434782609	0	0	0	0	0	0.0213160333642261	0	0	0	0	0	0	5
dme04320	Dorso-ventral axis formation	1/3	28/3237	0.0257340167977487	0.077202050393246	0.0541768774689446	sqd	1	2	Cluster 1 (8 genes)	0.333333333333333	0.00864998455359901	38.5357142857143	0	0.077202050393246	0	0	0	0	0	0	0	0	0	0	2
dme03015	mRNA surveillance pathway	1/3	74/3237	0.0670463760513714	0.100569564077057	0.0705751326856541	Hrb27C	1	2	Cluster 1 (8 genes)	0.333333333333333	0.0228606734630831	14.5810810810811	0	0.100569564077057	0	0	0	0	0	0	0	0	0	0	2
dme03010	Ribosome	1/3	240/3237	0.206403248614656	0.206403248614656	0.144844384992741	RpL6	1	2	Cluster 1 (8 genes)	0.333333333333333	0.0741427247451344	4.49583333333333	0	0.206403248614656	0	0	0	0	0	0	0	0	0	0	2
dme00982	Drug metabolism - cytochrome P450	1/1	68/3237	0.0210071053444547	0.0299660179178252	NA	CG33178	1	9	Cluster 8 (1 genes)	1	0.0210071053444547	47.6029411764706	0	0	0	0	0	0	0	0	0.0299660179178252	0	0	0	4
dme00980	Metabolism of xenobiotics by cytochrome P450	1/1	69/3237	0.0213160333642261	0.0299660179178252	NA	CG33178	1	9	Cluster 8 (1 genes)	1	0.0213160333642261	46.9130434782609	0	0	0	0	0	0	0	0	0.0299660179178252	0	0	0	5
dme00480	Glutathione metabolism	1/1	79/3237	0.02440531356194	0.0299660179178252	NA	CG33178	1	9	Cluster 8 (1 genes)	1	0.0244053135619401	40.9746835443038	0	0	0	0	0	0	0	0	0.0299660179178252	0	0	0	3
dme00983	Drug metabolism - other enzymes	1/1	97/3237	0.0299660179178252	0.0299660179178252	NA	CG33178	1	9	Cluster 8 (1 genes)	1	0.0299660179178251	33.3711340206186	0	0	0	0	0	0	0	0	0.0299660179178252	0	0	0	4
